﻿<?xml version="1.0" encoding="utf-8"?>
<publishData>
  <publishProfile publishUrl="C:\semant" deleteExistingFiles="False" ftpAnonymousLogin="False" ftpPassiveMode="True" msdeploySite="" msdeploySiteID="" msdeployRemoteSitePhysicalPath="" msdeployAllowUntrustedCertificate="False" msdeploySkipExtraFilesOnServer="True" msdeployMarkAsApp="False" profileName="Profile1" publishMethod="FileSystem" replaceMatchingFiles="True" userName="" savePWD="False" userPWD="" SelectedForPublish="True">
    <file relUrl="bin/System.Web.Http.dll" publishTime="03/17/2019 16:36:57" />
    <file relUrl="bin/System.Web.Helpers.dll" publishTime="03/17/2019 16:36:54" />
    <file relUrl="Global.asax" publishTime="03/17/2019 16:36:44" />
    <file relUrl="bin/MvcDatabase.dll" publishTime="03/21/2019 20:53:02" />
    <file relUrl="bin/System.Net.Http.WebRequest.xml" publishTime="03/17/2019 16:36:56" />
    <file relUrl="bin/System.Net.Http.dll" publishTime="03/17/2019 16:36:56" />
    <file relUrl="bin/System.Net.Http.Formatting.dll" publishTime="03/17/2019 16:36:56" />
    <file relUrl="bin/Newtonsoft.Json.xml" publishTime="03/17/2019 16:36:53" />
    <file relUrl="bin/System.Web.Mvc.xml" publishTime="03/17/2019 16:36:55" />
    <file relUrl="Views/Home/Edit.cshtml" publishTime="03/17/2019 21:05:01" />
    <file relUrl="bin/System.Web.WebPages.Deployment.xml" publishTime="03/17/2019 16:36:54" />
    <file relUrl="bin/System.Web.WebPages.Razor.xml" publishTime="03/17/2019 16:36:55" />
    <file relUrl="bin/System.Web.WebPages.dll" publishTime="03/17/2019 16:36:54" />
    <file relUrl="packages.config" publishTime="03/17/2019 16:36:58" />
    <file relUrl="bin/System.Web.Http.xml" publishTime="03/17/2019 16:36:57" />
    <file relUrl="Views/Home/Index.cshtml" publishTime="03/17/2019 21:28:24" />
    <file relUrl="bin/System.Web.Razor.xml" publishTime="03/17/2019 16:36:54" />
    <file relUrl="bin/System.Web.WebPages.xml" publishTime="03/17/2019 16:36:55" />
    <file relUrl="bin/System.Web.Http.WebHost.xml" publishTime="03/17/2019 16:36:57" />
    <file relUrl="bin/Newtonsoft.Json.dll" publishTime="03/17/2019 16:36:53" />
    <file relUrl="bin/System.Web.Helpers.xml" publishTime="03/17/2019 16:36:54" />
    <file relUrl="Views/Home/Details.cshtml" publishTime="03/17/2019 19:47:04" />
    <file relUrl="Views/Home/Create.cshtml" publishTime="03/17/2019 17:27:50" />
    <file relUrl="bin/System.Web.Mvc.dll" publishTime="03/17/2019 16:36:55" />
    <file relUrl="bin/System.Net.Http.WebRequest.dll" publishTime="03/17/2019 16:36:56" />
    <file relUrl="bin/System.Web.Razor.dll" publishTime="03/17/2019 16:36:54" />
    <file relUrl="bin/System.Web.WebPages.Deployment.dll" publishTime="03/17/2019 16:36:54" />
    <file relUrl="bin/System.Web.Http.WebHost.dll" publishTime="03/17/2019 16:36:57" />
    <file relUrl="bin/System.Net.Http.xml" publishTime="03/17/2019 16:36:56" />
    <file relUrl="bin/Microsoft.Web.Infrastructure.dll" publishTime="03/17/2019 16:36:53" />
    <file relUrl="Web.config" publishTime="03/21/2019 20:53:18" />
    <file relUrl="bin/System.Net.Http.Formatting.xml" publishTime="03/17/2019 16:36:56" />
    <file relUrl="bin/MvcDatabase.pdb" publishTime="03/21/2019 20:53:01" />
    <file relUrl="Views/Web.config" publishTime="03/17/2019 16:36:44" />
    <file relUrl="bin/System.Web.WebPages.Razor.dll" publishTime="03/17/2019 16:36:55" />
  </publishProfile>
</publishData>